date,genotype,strain,assay,group,A(Cue),B,C,D,E,F(EtOH),comment,concentration
2011-05-16,N2,,IAA-IAA,,51,0,4,0,0,74,,1:100
2011-05-16,N2,,IAA,,109,0,1,0,0,7,,1:100
2/16/16,N2,,hex,,72,0,8,0,0,4,,undiluted
2/16/16,N2,,hex,,148,0,46,0,0,15,,undiluted
2/16/16,AWC-,,hex,,27,0,23,0,0,63,,undiluted
2/16/16,AWC-,,hex,,15,0,17,0,0,75,,undiluted
2/16/16,osm-9,,hex,,194,0,18,0,0,1,,undiluted
2/16/16,osm-9,,hex,,243,0,14,0,0,14,,undiluted
2/16/16,N2,,hex,,153,0,17,0,0,3,,undiluted
2/16/16,AWC-,,hex,,15,0,30,0,0,80,,undiluted
2/16/16,osm-9,,hex,,212,0,4,0,0,0,,undiluted
2/17/16,N2,,hex,,72,0,22,0,0,20,,undiluted
2/17/16,N2,,hex,,76,0,18,0,0,18,,undiluted
2/17/16,N2,,hex,,203,0,20,0,0,20,,undiluted
2/17/16,N2,,hex,,74,0,3,0,0,6,,undiluted
2/17/16,tax-4(p678),,hex,,13,0,25,0,0,110,,undiluted
2/17/16,tax-4(p678),,hex,,7,0,12,0,0,65,,undiluted
2/17/16,tax-4(p678),,hex,,1,0,8,0,0,127,,undiluted
2/18/16,tax-4(p678),,hex,,4,0,12,0,0,80,,undiluted
2/18/16,tax-4(p678),,hex,,8,0,9,0,0,70,,undiluted
2/18/16,tax-4(p678),,hex,,13,0,20,0,0,64,,undiluted
2/18/16,tax-4(p678),,hex,,4,0,26,0,0,94,,undiluted
2/18/16,tax-4(p678),,hex,,19,0,17,0,0,136,,undiluted
2/18/16,N2,,hex,,93,0,22,0,0,5,,undiluted
2/18/16,N2,,hex,,111,0,25,0,0,18,,undiluted
2/18/16,N2,,hex,,143,0,10,0,0,18,,undiluted
2/18/16,N2,,hex,,67,0,15,0,0,19,,undiluted
2/18/16,N2,,hex,,95,0,25,0,0,15,,undiluted
2/19/16,osm-9,,hex,,175,0,10,0,0,0,,undiluted
2/19/16,osm-9,,hex,,208,0,32,0,0,0,,undiluted
2/19/16,osm-9,,hex,,165,0,9,0,0,10,,undiluted
2/19/16,osm-9,,hex,,143,0,7,0,0,1,,undiluted
2/19/16,AWC-,,hex,,21,0,28,0,0,49,,undiluted
2/19/16,AWC-,,hex,,31,0,27,0,0,65,,undiluted
2/19/16,AWC-,,hex,,33,0,34,0,0,75,,undiluted
2/19/16,N2,,hex,,126,0,18,0,0,21,,undiluted
2/19/16,N2,,hex,,132,0,43,0,0,14,,undiluted
2/19/16,N2,,hex,,183,0,28,0,0,32,,undiluted
2/20/16,tax-4(p678),,hex,,11,0,17,0,0,83,,undiluted
2/20/16,tax-4(p678),,hex,,8,0,27,0,0,130,,undiluted
2/20/16,tax-4(p678),,hex,,14,0,71,0,0,202,,undiluted
2/20/16,tax-4(p678),,hex,,22,0,36,0,0,117,,undiluted
2/20/16,N2,,hex,,173,0,34,0,0,11,,undiluted
2/20/16,N2,,hex,,219,0,35,0,0,25,,undiluted
2/20/16,N2,,hex,,117,0,35,0,0,31,,undiluted
2/20/16,N2,,hex,,141,0,25,0,0,24,,undiluted
2004-05-16,tax-4(p678),,hex,,1,0,4,0,0,42,,undiluted
2004-05-16,tax-4(p678),,hex,,0,0,1,0,0,26,,undiluted
2004-05-16,tax-4(p678),,hex,,0,0,3,0,0,35,,undiluted
2004-05-16,N2,,hex,,22,0,0,0,0,5,,undiluted
2004-05-16,N2,,hex,,13,0,4,0,0,4,,undiluted
2004-05-16,N2,,hex,,28,0,5,0,0,9,,undiluted
2004-06-16,N2,,hex,,38,0,6,0,0,15,,undiluted
2004-06-16,N2,,hex,,53,0,15,0,0,38,,undiluted
2004-06-16,N2,,hex,,52,0,8,0,0,29,,undiluted
2004-06-16,tax-4(p678),,hex,,1,0,10,0,0,96,,undiluted
2004-06-16,tax-4(p678),,hex,,2,0,11,0,0,89,,undiluted
2010-01-16,tax-4(p678),,but,,18,0,3,0,0,18,,
2010-01-16,tax-4(p678),,but,,10,0,1,0,0,14,,
2010-01-16,N2,,but,,181,0,0,0,0,6,,
2010-01-16,N2,,but,,72,0,0,0,0,2,,
2010-01-16,N2,,but-IAA,,89,0,2,0,0,1,,
2010-01-16,N2,,but-IAA,,65,0,1,0,0,5,,
2010-01-16,tax-4(p678),,but-IAA,,9,0,1,0,0,5,,
2010-01-16,tax-4(p678),,but-IAA,,17,0,2,0,0,9,,
2010-01-16,tax-4(p678),,hex-IAA,,0,0,2,0,0,48,,undiluted
2010-01-16,tax-4(p678),,hex-IAA,,0,0,0,0,0,41,,undiluted
2010-01-16,N2,,hex-IAA,,4,0,1,0,0,51,,undiluted
2010-01-16,N2,,hex-IAA,,13,0,4,0,0,51,,undiluted
2010-01-16,tax-4(p678),,hex,,3,0,4,0,0,52,,undiluted
2010-01-16,tax-4(p678),,hex,,2,0,1,0,0,76,,undiluted
2010-01-16,N2,,hex,,38,0,3,0,0,6,,undiluted
5/17/16,N2,,hex,,93,0,4,0,0,11,,undiluted
5/17/16,py7513(+),,hex,,85,0,16,0,0,10,,undiluted
5/17/16,py7513(+),,hex,,62,0,15,0,0,24,,undiluted
5/17/16,py7513(-),,hex,,28,0,15,0,0,54,,undiluted
5/17/16,py7513(-),,hex,,22,0,13,0,0,90,,undiluted
5/18/16,N2,,hex,,112,0,4,0,0,4,,undiluted
5/18/16,N2,,hex,,142,0,12,0,0,6,,undiluted
5/18/16,N2,,hex,,109,0,4,0,0,5,,undiluted
5/18/16,tax-4(p678),,hex,,0,0,8,0,0,90,,undiluted
5/18/16,tax-4(p678),,hex,,1,0,10,0,0,109,,undiluted
5/18/16,tax-4(p678),,hex,,1,0,8,0,0,87,,undiluted
5/29/16,N2,,hex,,79,0,15,0,0,14,,undiluted
5/29/16,N2,,hex,,144,0,20,0,0,37,,undiluted
5/29/16,N2,,hex,,165,0,42,0,0,22,,undiluted
5/29/16,AWC-,,hex,,7,0,15,0,0,32,,undiluted
5/29/16,AWC-,,hex,,10,0,5,0,0,36,,undiluted
5/30/16,N2,,hex,,125,0,12,0,0,2,,undiluted
5/30/16,N2,,hex,,263,0,37,0,0,9,,undiluted
5/30/16,N2,,hex,,178,0,26,0,0,10,,undiluted
2006-01-16,N2,,hex,,105,0,10,0,0,9,,undiluted
2006-01-16,N2,,hex,,242,0,26,0,0,48,,undiluted
2006-01-16,N2,,hex,,54,0,2,0,0,9,,undiluted
2006-01-16,N2,,hex,,91,0,9,0,0,15,,undiluted
2006-01-16,N2,,hex,,80,0,33,0,0,15,,undiluted
2006-03-16,py7513(+),,hex,,92,0,3,0,0,15,,undiluted
2006-03-16,py7513(+),,hex,,44,0,3,0,0,8,,undiluted
2006-03-16,N2,,hex,,109,0,20,0,0,38,,undiluted
2006-03-16,N2,,hex,,142,0,17,0,0,27,,undiluted
6/13/16,tax-4(p678),,hex,,3,0,10,0,0,73,,undiluted
6/13/16,tax-4(p678),,hex,,0,0,3,0,0,49,,undiluted
6/13/16,tax-4(p678),,hex,,1,0,8,0,0,59,,undiluted
6/13/16,N2,,hex,,129,0,23,0,0,18,,undiluted
6/13/16,N2,,hex,,187,0,39,0,0,20,,undiluted
6/13/16,N2,,hex,,161,0,64,0,0,28,,undiluted
6/13/16,N2,,hex,,100,0,29,0,0,21,,undiluted
6/13/16,N2,,hex,,99,0,33,0,0,23,,undiluted
6/13/16,N2,,hex,,113,0,22,0,0,11,,undiluted
6/15/16,tax-4(p678),,hex,,5,0,9,0,0,59,,undiluted
6/15/16,tax-4(p678),,hex,,3,0,5,0,0,65,,undiluted
6/15/16,tax-4(p678),,hex,,5,0,11,0,0,51,,undiluted
6/15/16,N2,,hex,,134,0,11,0,0,6,,undiluted
6/15/16,N2,,hex,,132,0,10,0,0,6,,undiluted
6/15/16,N2,,hex,,153,0,16,0,0,19,,undiluted
6/21/16,N2,,hex,,87,0,1,0,0,15,,undiluted
6/21/16,N2,,hex,,52,0,9,0,0,23,,undiluted
6/21/16,N2,,hex,,53,0,4,0,0,5,,undiluted
8/20/16,N2,,hex,,21,0,5,0,0,12,,undiluted
8/20/16,N2,,hex,,17,0,2,0,0,9,,undiluted
8/20/16,N2,,hex,,32,0,0,0,0,13,,undiluted
8/23/16,N2,,hex,,155,0,11,0,0,12,,undiluted
8/23/16,tax-4(p678),,hex,,1,0,1,0,0,44,,undiluted
9/27/16,N2,,but-IAA,,167,0,0,0,0,0,,
9/27/16,N2,,but-IAA,,131,0,0,0,0,3,,
9/27/16,tax-4(p678),,but-IAA,,32,0,8,0,0,46,,
9/27/16,tax-4(p678),,but-IAA,,21,0,3,0,0,33,,
9/27/16,N2,,but,,63,0,0,0,0,0,,
9/27/16,N2,,but,,107,0,1,0,0,4,,
9/27/16,tax-4(p678),,but,,6,0,0,0,0,6,,
9/27/16,tax-4(p678),,but,,7,0,1,0,0,21,,
9/27/16,tax-4(p678),,hex,,0,0,3,0,0,55,,undiluted
9/27/16,tax-4(p678),,hex,,2,0,2,0,0,47,,undiluted
9/27/16,N2,,hex,,121,0,7,0,0,9,,undiluted
9/27/16,N2,,hex,,123,0,2,0,0,10,,undiluted
9/27/16,tax-4(p678),,hex-IAA,,1,0,3,0,0,36,,undiluted
9/27/16,tax-4(p678),,hex-IAA,,0,0,2,0,0,64,,undiluted
9/27/16,N2,,hex-IAA,,12,0,3,0,0,91,,undiluted
9/27/16,N2,,hex-IAA,,6,0,0,0,0,42,,undiluted
2001-03-17,N2,,IAA-IAA,,52,0,2,0,0,20,"",
2001-03-17,N2,,IAA-IAA,,20,0,2,0,0,10,,
2001-03-17,N2,,IAA-IAA,,13,0,5,0,0,13,,
2001-03-17,N2,,IAA-IAA,,70,0,7,0,0,34,,
2001-03-17,N2,,IAA-IAA,,75,0,5,0,0,41,,
2001-03-17,N2,,IAA-IAA,,69,0,6,0,0,21,,
2001-03-17,N2,,IAA,,106,0,0,0,0,0,,
2001-03-17,N2,,IAA,,109,0,1,0,0,0,,
2001-03-17,N2,,IAA,,118,0,1,0,0,1,,
2001-03-17,N2,,IAA,,120,0,0,0,0,0,,
2001-03-17,N2,,IAA,,116,0,0,0,0,0,,
2001-03-17,N2,,but,,130,0,2,0,0,6,,
2001-03-17,N2,,but,,156,0,18,0,0,26,,
2001-03-17,N2,,but,,143,0,10,0,0,8,,
2001-03-17,N2,,but,,141,0,6,0,0,12,,
2001-03-17,N2,,but-IAA,,80,0,2,0,0,6,,
2001-03-17,N2,,but-IAA,,107,0,6,0,0,14,,
2001-03-17,N2,,but-IAA,,104,0,5,0,0,9,,
2001-03-17,N2,,but-IAA,,153,0,5,0,0,36,,
1/17/17,N2,,hex,,183,0,40,0,0,19,,
1/17/17,N2,,hex,,95,0,11,0,0,5,,
1/17/17,ocr-2 (N2),,hex,,42,0,2,0,0,0,,
1/17/17,ocr-2 (N2),,hex,,38,0,7,0,0,0,,
1/17/17,ocr-2 (N2),,hex,,73,0,12,0,0,0,,
1/17/17,N2,,hex-IAA,,2,0,7,0,0,117,,undiluted
1/17/17,N2,,hex-IAA,,0,0,2,0,0,128,,undiluted
1/17/17,ocr-2 (N2),,hex-IAA,,2,0,12,0,0,24,,undiluted
1/17/17,ocr-2 (N2),,hex-IAA,,8,0,20,0,0,52,,undiluted
1/17/17,ocr-2 (N2),,hex-IAA,,7,0,16,0,0,53,,undiluted
1/31/17,ocr-2 (N2),,hex-IAA,,4,0,16,0,0,23,,undiluted
1/31/17,ocr-2 (N2),,hex-IAA,,9,0,18,0,0,36,,undiluted
1/31/17,ocr-2 (N2),,hex-IAA,,19,0,26,0,0,48,,undiluted
1/31/17,ocr-2 (N2),,hex,,56,0,18,0,0,46,,undiluted
1/31/17,N2,,hex,,83,0,1,0,0,6,,undiluted
1/31/17,N2,,hex-IAA,,5,0,5,0,0,116,,undiluted
1/31/17,CX6381(+),,hex-IAA,,2,0,1,0,0,34,,undiluted
1/31/17,CX6381(+),,hex-IAA,,24,0,10,0,0,70,,undiluted
1/31/17,CX6381(+),,hex,,20,0,2,0,0,0,,undiluted
1/31/17,py7513(+),,hex,,14,0,5,0,0,7,,undiluted
1/31/17,py7513(+),,hex,,35,0,11,0,0,3,,undiluted
1/31/17,py7513(+),,hex-IAA,,0,0,2,0,0,40,,undiluted
1/31/17,py7513(+),,hex-IAA,,0,0,6,0,0,59,,undiluted
1/20/17,N2,,hex-IAA,,3,0,2,0,0,90,,undiluted
1/20/17,ocr-2 (N2),,hex-IAA,,16,0,7,0,0,29,,undiluted
1/20/17,ocr-2 (N2),,hex-IAA,,16,0,8,0,0,60,,undiluted
1/20/17,ocr-2 (N2),,hex-IAA,,18,0,7,0,0,27,,undiluted
1/20/17,ocr-2 (N2),,hex,,53,0,10,0,0,0,,undiluted
1/20/17,ocr-2 (N2),,hex,,56,0,2,0,0,0,,undiluted
1/20/17,ocr-2 (N2),,hex,,39,0,2,0,0,0,,undiluted
1/20/17,N2,,hex,,53,0,7,0,0,0,,undiluted
1/20/17,N2,,hex,,45,0,10,0,0,2,,undiluted
1/20/17,N2,,IAA-IAA,,36,0,13,0,0,33,,
1/20/17,N2,,IAA-IAA,,48,0,12,0,0,34,,
1/20/17,N2,,IAA,,96,0,3,0,0,30,,
1/20/17,N2,,IAA,,77,0,2,0,0,6,,
1/31/17,N2,,IAA,,78,0,6,0,0,86,,
1/31/17,N2,,IAA,,176,0,5,0,0,101,,
1/31/17,N2,,IAA-IAA,,92,0,7,0,0,47,,
1/31/17,N2,,IAA-IAA,,63,0,9,0,0,20,,
2002-07-17,N2,,hex-IAA,,5,0,16,0,0,111,,
2002-07-17,N2,,hex-IAA,,6,0,4,0,0,82,,
2002-07-17,AWC-,,hex-IAA,,6,0,28,0,0,77,,
2002-07-17,AWC-,,hex-IAA,,8,0,24,0,0,89,,
2002-07-17,AWC-,,hex-IAA,,7,0,37,0,0,119,,
2002-07-17,CX6239(+),,hex-IAA,,8,0,15,0,0,37,,
2002-07-17,CX6239(+),,hex,,26,0,4,0,0,0,,undiluted
2002-07-17,N2,,hex,,62,0,10,0,0,6,,undiluted
2002-07-17,N2,,hex,,64,0,15,0,0,18,,undiluted
2002-07-17,AWC-,,hex,,9,0,11,0,0,25,,undiluted
2002-07-17,AWC-,,hex,,21,0,19,0,0,75,,undiluted
2/21/17,N2,,hex-IAA,,2,0,1,0,0,124,,undiluted
2/21/17,N2,,hex-IAA,,1,0,2,0,0,88,,undiluted
2/21/17,osm-9,,hex-IAA,,30,0,8,0,0,29,,undiluted
2/21/17,osm-9,,hex-IAA,,79,0,16,0,0,29,,undiluted
2/21/17,osm-9,,hex,,163,0,7,0,0,22,,undiluted
2/21/17,osm-9,,hex,,98,0,4,0,0,16,,undiluted
2/21/17,N2,,hex,,70,0,5,0,0,98,,undiluted
2/21/17,N2,,hex,,22,0,8,0,0,43,,undiluted
3_28_17,N2,,hex,1,46,23,7,8,8,15,hex undiluted,undiluted
3_28_17,N2,,hex,1,59,30,21,18,11,21,hex undiluted,undiluted
3_28_17,N2,,hex,1,55,37,26,18,25,27,hex undiluted,undiluted
3_28_17,tm1896,,hex,2,40,29,18,3,19,21,hex undiluted,undiluted
3_28_17,tm1896,,hex,2,20,27,9,10,3,6,hex undiluted,undiluted
3_28_17,tm1896,,hex,2,53,61,19,12,19,33,hex undiluted,undiluted
3_28_17,nsy-1,,hex,3,35,69,25,13,59,68,hex undiluted,undiluted
3_28_17,nsy-1,,hex,3,2,7,4,4,9,24,hex undiluted,undiluted
3_28_17,nsy-1,,hex,3,31,35,14,14,27,71,hex undiluted,undiluted
3_28_17,JH113,,hex,4,46,72,15,17,12,20,hex undiluted,undiluted
3_28_17,JH113,,hex,4,29,31,12,4,12,11,hex undiluted,undiluted
3_28_17,JH113,,hex,4,33,25,13,10,20,15,hex undiluted,undiluted
3_28_17,NL334,,hex,5,48,39,4,3,0,5,hex undiluted,undiluted
3_28_17,NL334,,hex,5,20,26,6,2,5,1,hex undiluted,undiluted
3_28_17,NL334,,hex,5,37,79,11,2,0,2,hex undiluted,undiluted
3_28_17,NL2330,,hex,6,25,11,8,11,10,61,hex undiluted,undiluted
3_28_17,NL2330,,hex,6,10,12,3,2,9,33,hex undiluted,undiluted
3_28_17,NL2330,,hex,6,6,8,5,5,15,45,hex undiluted,undiluted
3_28_17,CX2065,,hex,7,8,7,6,10,24,118,hex undiluted,undiluted
3_28_17,CX2065,,hex,7,15,4,12,13,15,107,hex undiluted,undiluted
3_28_17,CX2065,,hex,7,14,16,2,10,18,109,hex undiluted,undiluted
3_28_17,odr-3,,hex,8,17,10,4,0,3,15,hex undiluted,undiluted
3_28_17,odr-3,,hex,8,25,20,3,0,1,6,hex undiluted,undiluted
3_28_17,odr-3,,hex,8,18,14,3,3,2,34,hex undiluted,undiluted
3_28_17,MT1074,,hex,9,4,8,6,7,24,9,hex undiluted,undiluted
3_28_17,MT1074,,hex,9,8,7,7,12,11,10,hex undiluted,undiluted
3_28_17,MT1074,,hex,9,4,8,5,8,19,16,hex undiluted,undiluted
3_28_17,NL1146,,hex,10,47,55,15,10,23,7,hex undiluted,undiluted
3_28_17,NL1146,,hex,10,46,59,11,13,10,8,hex undiluted,undiluted
3_28_17,NL1146,,hex,10,130,50,22,23,27,27,hex undiluted,undiluted
3_28_17,NL1137,,hex,11,39,28,13,4,11,27,hex undiluted,undiluted
3_28_17,NL1137,,hex,11,62,73,12,5,11,29,hex undiluted,undiluted
3_28_17,NL1137,,hex,11,82,31,15,9,21,29,hex undiluted,undiluted
3_28_17,N2,,hex-IAA,1,5,3,2,2,9,115,hex undiluted,undiluted
3_28_17,N2,,hex-IAA,1,6,4,7,5,7,134,hex undiluted,undiluted
3_28_17,N2,,hex-IAA,1,1,3,3,2,8,105,hex undiluted,undiluted
3_28_17,tm1896,,hex-IAA,2,0,0,1,0,8,111,hex undiluted,undiluted
3_28_17,tm1896,,hex-IAA,2,1,1,2,0,5,47,hex undiluted,undiluted
3_28_17,tm1896,,hex-IAA,2,1,0,1,1,5,136,hex undiluted,undiluted
3_28_17,nsy-1,,hex-IAA,3,3,5,6,6,9,77,hex undiluted,undiluted
3_28_17,nsy-1,,hex-IAA,3,6,5,9,9,34,57,hex undiluted,undiluted
3_28_17,nsy-1,,hex-IAA,3,4,3,5,5,22,26,hex undiluted,undiluted
3_28_17,JH113,,hex-IAA,4,0,0,2,3,10,85,hex undiluted,undiluted
3_28_17,JH113,,hex-IAA,4,5,4,5,5,17,158,hex undiluted,undiluted
3_28_17,JH113,,hex-IAA,4,9,2,5,6,12,135,hex undiluted,undiluted
3_28_17,NL334,,hex-IAA,5,2,3,3,0,6,45,hex undiluted,undiluted
3_28_17,NL334,,hex-IAA,5,5,10,4,7,24,90,hex undiluted,undiluted
3_28_17,NL334,,hex-IAA,5,5,19,2,4,17,100,hex undiluted,undiluted
3_28_17,NL2330,,hex-IAA,6,8,6,3,4,7,53,hex undiluted,undiluted
3_28_17,NL2330,,hex-IAA,6,4,2,0,4,11,63,hex undiluted,undiluted
3_28_17,NL2330,,hex-IAA,6,1,6,4,4,6,62,hex undiluted,undiluted
3_28_17,CX2065,,hex-IAA,7,11,5,9,8,13,26,hex undiluted,undiluted
3_28_17,CX2065,,hex-IAA,7,16,12,5,8,33,91,hex undiluted,undiluted
3_28_17,CX2065,,hex-IAA,7,18,9,7,12,25,131,hex undiluted,undiluted
3_28_17,odr-3,,hex-IAA,8,39,13,5,3,3,18,hex undiluted,undiluted
3_28_17,odr-3,,hex-IAA,8,57,16,11,8,6,17,hex undiluted,undiluted
3_28_17,odr-3,,hex-IAA,8,21,14,4,0,1,2,hex undiluted,undiluted
3_28_17,MT1074,,hex-IAA,9,4,8,7,12,21,33,hex undiluted,undiluted
3_28_17,MT1074,,hex-IAA,9,4,2,5,6,15,14,hex undiluted,undiluted
3_28_17,MT1074,,hex-IAA,9,2,1,3,1,12,18,hex undiluted,undiluted
3_28_17,NL1146,,hex-IAA,10,5,1,4,2,25,71,hex undiluted,undiluted
3_28_17,NL1146,,hex-IAA,10,5,3,7,0,12,87,hex undiluted,undiluted
3_28_17,NL1146,,hex-IAA,10,0,0,2,0,18,29,hex undiluted,undiluted
3_28_17,NL1137,,hex-IAA,11,6,7,6,4,10,107,hex undiluted,undiluted
3_28_17,NL1137,,hex-IAA,11,4,12,4,0,6,82,hex undiluted,undiluted
3_28_17,NL1137,,hex-IAA,11,13,5,8,3,6,107,hex undiluted,undiluted
4_7_17,N2,,hex,1,116,20,9,8,7,18,,undiluted
4_7_17,N2,,hex,1,159,10,13,5,5,19,,undiluted
4_7_17,N2,,hex,1,239,26,11,8,12,36,,undiluted
4_7_17,tm1896,,hex,2,91,18,11,5,8,28,,undiluted
4_7_17,tm1896,,hex,2,65,18,11,7,13,15,,undiluted
4_7_17,tm1896,,hex,2,78,20,8,6,4,9,,undiluted
4_7_17,odr-3,,hex,3,19,12,1,0,1,12,,undiluted
4_7_17,odr-3,,hex,3,43,32,6,1,8,42,,undiluted
4_7_17,nsy-1,,hex,4,22,25,17,18,19,80,,undiluted
4_7_17,nsy-1,,hex,4,9,10,5,4,12,39,,undiluted
4_7_17,nsy-1,,hex,4,35,52,9,6,19,61,,undiluted
4_7_17,DA521,,hex,5,56,42,12,16,28,78,,undiluted
4_7_17,DA521,,hex,5,22,14,4,5,7,48,,undiluted
4_7_17,NL2330,,hex,6,62,39,13,6,8,22,,undiluted
4_7_17,NL2330,,hex,6,77,8,5,6,9,32,,undiluted
4_7_17,NL2330,,hex,6,63,25,10,10,7,25,,undiluted
4_7_17,N2,,hex-IAA,1,3,1,3,0,3,135,,undiluted
4_7_17,N2,,hex-IAA,1,7,3,1,1,3,119,,undiluted
4_7_17,N2,,hex-IAA,1,21,0,0,0,12,199,,undiluted
4_7_17,tm1896,,hex-IAA,2,9,3,1,1,1,168,,undiluted
4_7_17,tm1896,,hex-IAA,2,3,0,0,4,1,171,,undiluted
4_7_17,tm1896,,hex-IAA,2,4,2,3,0,9,178,,undiluted
4_7_17,odr-3,,hex-IAA,3,73,22,8,1,4,75,,undiluted
4_7_17,odr-3,,hex-IAA,3,73,25,5,0,0,42,,undiluted
4_7_17,odr-3,,hex-IAA,3,9,6,1,0,0,1,,undiluted
4_7_17,nsy-1,,hex-IAA,4,8,3,12,15,19,112,,undiluted
4_7_17,nsy-1,,hex-IAA,4,3,4,6,5,25,67,,undiluted
4_7_17,nsy-1,,hex-IAA,4,4,7,6,10,26,89,,undiluted
4_7_17,DA521,,hex-IAA,5,2,0,0,1,4,91,,undiluted
4_7_17,DA521,,hex-IAA,5,2,0,1,1,15,172,,undiluted
4_7_17,NL2330,,hex-IAA,6,8,3,7,8,28,193,,undiluted
4_7_17,NL2330,,hex-IAA,6,8,3,2,6,9,83,,undiluted
4_7_17,NL2330,,hex-IAA,6,9,1,2,2,8,128,,undiluted
4_10_17,N2,,hex,1,59,12,6,3,7,9,,undiluted
4_10_17,N2,,hex,1,87,7,1,2,2,7,,undiluted
4_10_17,N2,,hex,1,51,8,11,9,6,8,,undiluted
4_10_17,odr-3,,hex,2,10,9,2,0,0,0,,undiluted
4_10_17,odr-3,,hex,2,21,11,5,1,0,2,,undiluted
4_10_17,odr-3,,hex,2,11,13,2,0,1,2,,undiluted
4_10_17,NL2330,,hex,3,18,10,6,7,9,4,,undiluted
4_10_17,NL2330,,hex,3,41,17,10,11,16,10,,undiluted
4_10_17,NL2330,,hex,3,11,6,9,6,3,5,,undiluted
4_10_17,nsy-1,,hex,4,26,10,4,2,6,7,,undiluted
4_10_17,nsy-1,,hex,4,18,15,8,7,12,17,,undiluted
4_10_17,nsy-1,,hex,4,26,13,13,12,14,32,,undiluted
4_10_17,tm1896,,hex,5,14,8,11,5,8,6,,undiluted
4_10_17,tm1896,,hex,5,30,13,5,4,6,6,,undiluted
4_10_17,tm1896,,hex,5,53,24,12,9,23,24,,undiluted
4_10_17,NL335,,hex,6,52,4,4,3,4,7,,undiluted
4_10_17,NL335,,hex,6,32,12,4,1,6,10,,undiluted
4_10_17,NL335,,hex,6,75,8,12,8,42,35,,undiluted
4_10_17,DA521,,hex,7,6,7,3,2,18,6,,undiluted
4_10_17,DA521,,hex,7,1,0,0,4,26,6,,undiluted
4_10_17,DA521,,hex,7,3,2,4,3,7,3,,undiluted
4_10_17,CX7154,,hex,8,14,32,13,8,19,9,,undiluted
4_10_17,CX7154,,hex,8,17,16,4,5,18,6,,undiluted
4_10_17,CX7154,,hex,8,25,27,6,5,10,14,,undiluted
4_10_17,N2,,hex-IAA,1,1,1,2,0,1,97,,undiluted
4_10_17,N2,,hex-IAA,1,8,5,2,3,23,212,,undiluted
4_10_17,N2,,hex-IAA,1,3,6,4,4,13,166,,undiluted
4_10_17,odr-3,,hex-IAA,2,26,20,7,3,2,13,,undiluted
4_10_17,odr-3,,hex-IAA,2,14,8,3,1,6,4,,undiluted
4_10_17,odr-3,,hex-IAA,2,49,37,15,2,8,29,,undiluted
4_10_17,NL2330,,hex-IAA,3,0,4,1,5,15,133,,undiluted
4_10_17,NL2330,,hex-IAA,3,1,0,2,5,29,162,,undiluted
4_10_17,NL2330,,hex-IAA,3,2,2,1,1,13,75,,undiluted
4_10_17,nsy-1,,hex-IAA,4,2,4,10,10,69,61,,undiluted
4_10_17,nsy-1,,hex-IAA,4,0,5,4,7,26,66,,undiluted
4_10_17,nsy-1,,hex-IAA,4,2,8,10,12,37,92,,undiluted
4_10_17,tm1896,,hex-IAA,5,3,0,2,1,11,128,,undiluted
4_10_17,tm1896,,hex-IAA,5,2,1,1,2,321,87,,undiluted
4_10_17,tm1896,,hex-IAA,5,0,2,1,3,9,109,,undiluted
4_10_17,NL335,,hex-IAA,6,15,2,1,1,11,85,,undiluted
4_10_17,NL335,,hex-IAA,6,7,13,1,3,19,118,,undiluted
4_10_17,NL335,,hex-IAA,6,6,3,1,0,14,76,,undiluted
4_10_17,DA521,,hex-IAA,7,0,0,0,2,8,79,,undiluted
4_10_17,DA521,,hex-IAA,7,0,0,0,2,18,150,,undiluted
4_10_17,CX7154,,hex-IAA,8,7,19,6,6,21,16,,undiluted
4_10_17,CX7154,,hex-IAA,8,28,34,7,9,31,28,,undiluted
4_17_17,N2,,hex,1,51,23,8,2,0,6,,undiluted
4_17_17,N2,,hex,1,35,10,4,0,2,3,,undiluted
4_17_17,N2,,hex,1,40,10,4,2,3,5,,undiluted
4_17_17,odr-3,,hex,2,105,46,9,5,2,36,,undiluted
4_17_17,odr-3,,hex,2,40,15,6,0,0,5,,undiluted
4_17_17,odr-3,,hex,2,46,16,7,3,0,7,,undiluted
4_17_17,CX2065,,hex,3,7,8,3,2,12,64,,undiluted
4_17_17,CX2065,,hex,3,31,6,12,10,18,91,,undiluted
4_17_17,CX7154,,hex,4,18,24,4,4,21,22,,undiluted
4_17_17,N2,,hex-IAA,1,0,0,1,0,4,67,,undiluted
4_17_17,N2,,hex-IAA,1,3,0,0,2,4,53,,undiluted
4_17_17,N2,,hex-IAA,1,0,0,2,0,12,118,,undiluted
4_17_17,odr-3,,hex-IAA,2,74,14,7,1,4,35,,undiluted
4_17_17,odr-3,,hex-IAA,2,86,41,7,3,7,51,,undiluted
4_17_17,odr-3,,hex-IAA,2,53,20,0,1,0,13,,undiluted
4_17_17,CX2065,,hex-IAA,3,7,2,4,4,14,80,,undiluted
4_17_17,CX2065,,hex-IAA,3,6,10,7,6,18,100,,undiluted
4_17_17,CX7154,,hex-IAA,4,14,21,6,3,19,20,,undiluted
5_1_17,N2,,hex,1,70,14,0,3,1,6,,undiluted
5_1_17,N2,,hex,1,46,23,5,1,3,7,,undiluted
5_1_17,N2,,hex,1,33,30,3,6,0,3,,undiluted
5_1_17,odr-3,,hex,2,45,28,8,8,4,0,,undiluted
5_1_17,odr-3,,hex,2,37,25,7,8,3,2,,undiluted
5_1_17,odr-3,,hex,2,69,9,6,3,6,3,,undiluted
5_1_17,tax-4(ks28),,hex,3,19,8,41,29,50,67,,undiluted
5_1_17,tax-4(ks28),,hex,3,14,15,23,26,32,43,,undiluted
5_1_17,tax-4(ks28),,hex,3,16,17,15,6,24,23,,undiluted
5_1_17,CX7154,,hex,4,33,76,0,15,18,20,,undiluted
5_1_17,CX2065,,hex,5,14,8,8,12,24,96,,undiluted
5_1_17,CX2065,,hex,5,14,12,9,14,33,145,,undiluted
5_1_17,N2,,hex-IAA,1,2,0,1,6,14,91,,undiluted
5_1_17,N2,,hex-IAA,1,1,0,1,2,32,96,,undiluted
5_1_17,N2,,hex-IAA,1,3,2,1,3,15,104,,undiluted
5_1_17,odr-3,,hex-IAA,2,76,34,12,2,10,18,,undiluted
5_1_17,odr-3,,hex-IAA,2,58,24,4,0,4,8,,undiluted
5_1_17,odr-3,,hex-IAA,2,46,20,12,8,8,14,,undiluted
5_1_17,tax-4(ks28),,hex-IAA,3,7,3,12,32,50,59,,undiluted
5_1_17,tax-4(ks28),,hex-IAA,3,7,23,33,30,67,88,,undiluted
5_1_17,tax-4(ks28),,hex-IAA,3,6,8,17,9,24,32,,undiluted
5_1_17,CX7154,,hex-IAA,4,17,14,6,13,15,16,,undiluted
5_1_17,CX2065,,hex-IAA,5,4,0,4,13,24,94,,undiluted
5_1_17,CX2065,,hex-IAA,5,8,7,8,14,16,139,,undiluted
5_1_17,AWC-,,hex-IAA,6,1,0,10,21,53,71,,undiluted
5_5_17,N2,,hex,1,56,22,4,2,9,1,,undiluted
5_5_17,N2,,hex,1,30,31,2,1,5,0,,undiluted
5_5_17,N2,,hex,1,58,26,6,4,4,7,,undiluted
5_5_17,tax-4(ks28),,hex,2,37,51,37,37,40,74,,undiluted
5_5_17,tax-4(ks28),,hex,2,11,39,13,14,25,53,,undiluted
5_5_17,tax-4(ks28),,hex,2,17,26,12,16,18,54,,undiluted
5_5_17,CX7154,,hex,3,41,23,18,16,26,17,,undiluted
5_5_17,CX7154,,hex,3,31,21,11,15,20,38,,undiluted
5_5_17,CX7154,,hex,3,32,58,18,10,31,35,,undiluted
5_5_17,N2,,hex-IAA,1,53,3,3,7,54,140,,undiluted
5_5_17,N2,,hex-IAA,1,28,6,2,1,19,128,,undiluted
5_5_17,N2,,hex-IAA,1,12,0,5,9,32,84,,undiluted
5_5_17,tax-4(ks28),,hex-IAA,2,9,18,16,20,37,58,,undiluted
5_5_17,tax-4(ks28),,hex-IAA,2,14,15,18,11,56,58,,undiluted
5_5_17,tax-4(ks28),,hex-IAA,2,9,11,6,15,49,59,,undiluted
5_5_17,CX7154,,hex-IAA,3,20,74,20,17,52,27,,undiluted
5_5_17,CX7154,,hex-IAA,3,29,47,18,28,39,44,,undiluted
5_5_17,CX7154,,hex-IAA,3,26,47,5,14,32,21,,undiluted
5_5_17,AWC-,,hex-IAA,4,0,2,5,13,20,43,,undiluted
5_5_17,AWC-,,hex-IAA,4,0,2,10,23,20,51,,undiluted
5_5_17,AWC-,,hex-IAA,4,13,12,12,13,24,42,,undiluted
5_5_17,AWC-,,hex-IAA,4,0,0,2,0,12,19,,undiluted
5_5_17,AWC-,,hex-IAA,4,10,0,17,24,41,15,,undiluted
5_5_17,osm-9,,hex-IAA,5,29,31,14,2,2,6,,undiluted
5_5_17,osm-9,,hex-IAA,5,11,27,12,11,10,0,,undiluted
5_5_17,osm-9,,hex-IAA,5,42,43,14,0,0,1,,undiluted
5_5_17,osm-9,,hex-IAA,5,19,18,10,18,10,0,,undiluted
5_5_17,osm-9,,hex-IAA,5,23,15,5,5,2,1,,undiluted
5_12_17,N2,,hex,1,72,7,8,10,9,45,,undiluted
5_12_17,N2,,hex,1,75,7,6,2,2,22,,undiluted
5_12_17,N2,,hex,1,53,17,10,8,15,28,,undiluted
5_12_17,CX6239,,hex,2,34,16,15,13,18,12,,undiluted
5_12_17,CX6239+,,hex,2,18,8,13,9,5,4,,undiluted
5_12_17,CX6381,,hex,3,102,44,21,10,14,18,,undiluted
5_12_17,CX6381+,,hex,3,79,34,12,8,3,11,,undiluted
5_12_17,N2,,hex-IAA,1,3,4,4,4,7,109,,undiluted
5_12_17,N2,,hex-IAA,1,5,6,2,2,9,140,,undiluted
5_12_17,N2,,hex-IAA,1,0,0,7,8,35,55,,undiluted
5_12_17,CX6239,,hex-IAA,2,5,3,2,1,9,23,,undiluted
5_12_17,CX6239+,,hex-IAA,2,2,1,2,1,7,17,,undiluted
5_12_17,CX6381,,hex-IAA,3,12,12,8,7,39,66,,undiluted
5_12_17,CX6381+,,hex-IAA,3,6,1,4,4,30,41,,undiluted
5_12_17,PY7513,,hex-IAA,4,0,10,11,28,47,159,,undiluted
5_12_17,PY7513+,,hex-IAA,4,0,4,8,9,27,87,,undiluted
5_12_17,osm-9,,hex-IAA,5,38,55,4,2,5,38,,undiluted
5_12_17,osm-9,,hex-IAA,5,25,13,13,10,5,30,,undiluted
5_15_17,N2,,hex,1,67,14,9,3,0,10,,undiluted
5_15_17,N2,,hex,1,51,9,0,1,1,5,,undiluted
5_15_17,N2,,hex,1,63,15,9,4,8,18,,undiluted
5_15_17,tax-4(ks28),,hex,2,12,9,10,9,22,19,,undiluted
5_15_17,tax-4(ks28),,hex,2,16,12,9,13,19,28,,undiluted
5_15_17,CX6381,,hex,3,129,25,9,13,16,6,,undiluted
5_15_17,CX6381+,,hex,3,97,18,4,3,16,0,,undiluted
5_15_17,CX6381,,hex,3,121,72,11,4,4,3,,undiluted
5_15_17,CX6381+,,hex,3,80,37,4,2,2,3,,undiluted
5_15_17,CX6381,,hex,3,134,35,16,10,3,4,,undiluted
5_15_17,CX6381+,,hex,3,75,16,3,9,2,4,,undiluted
5_15_17,CX6239,,hex,4,70,27,9,1,1,1,,undiluted
5_15_17,CX6239+,,hex,4,35,14,5,0,0,0,,undiluted
5_15_17,CX6239,,hex,4,72,84,13,5,0,4,,undiluted
5_15_17,CX6239+,,hex,4,24,51,7,2,0,2,,undiluted
5_15_17,CX6239,,hex,4,130,39,11,2,6,1,,undiluted
5_15_17,CX6239+,,hex,4,71,21,7,1,5,0,,undiluted
5_15_17,N2,,hex-IAA,1,2,2,4,2,6,31,,undiluted
5_15_17,N2,,hex-IAA,1,5,5,13,1,11,107,,undiluted
5_15_17,N2,,hex-IAA,1,4,3,2,1,5,67,,undiluted
5_15_17,tax-4(ks28),,hex-IAA,2,6,1,3,2,18,94,,undiluted
5_15_17,tax-4(ks28),,hex-IAA,2,2,4,3,2,16,60,,undiluted
5_15_17,CX6381,,hex-IAA,3,28,12,6,4,19,81,,undiluted
5_15_17,CX6381+,,hex-IAA,3,17,4,3,1,13,61,,undiluted
5_15_17,CX6381,,hex-IAA,3,37,8,7,4,12,126,,undiluted
5_15_17,CX6381+,,hex-IAA,3,19,2,2,2,6,77,,undiluted
5_15_17,CX6381,,hex-IAA,3,34,13,3,4,12,93,,undiluted
5_15_17,CX6381+,,hex-IAA,3,21,5,2,2,12,81,,undiluted
5_15_17,CX6239,,hex-IAA,4,9,2,12,12,6,105,,undiluted
5_15_17,CX6239+,,hex-IAA,4,2,2,6,1,11,68,,undiluted
5_15_17,CX6239,,hex-IAA,4,18,14,2,3,6,67,,undiluted
5_15_17,CX6239+,,hex-IAA,4,7,1,1,1,4,57,,undiluted
5_15_17,CX6239,,hex-IAA,4,17,21,11,6,13,124,,undiluted
5_15_17,CX6239+,,hex-IAA,4,1,7,4,4,13,77,,undiluted
5_15_17,AWC-,,hex-IAA,5,1,2,2,12,53,21,,undiluted
5_15_17,tax-4(p678),,hex-IAA,6,1,2,5,8,35,88,,undiluted
5_15_17,tax-4(p678),,hex-IAA,6,1,3,1,10,58,106,,undiluted
5_15_17,PY7513,,hex-IAA,7,5,14,10,25,118,214,,undiluted
5_15_17,PY7513+,,hex-IAA,7,5,2,5,15,51,104,,undiluted
5_15_17,PY7513,,hex-IAA,7,1,3,4,2,27,134,,undiluted
5_15_17,PY7513+,,hex-IAA,7,0,1,4,2,13,77,,undiluted
5_16_17,N2,,hex,1,137,34,6,2,2,3,,undiluted
5_16_17,N2,,hex,1,84,24,6,2,0,8,,undiluted
5_16_17,N2,,hex,1,168,37,2,6,4,8,,undiluted
5_16_17,CX6381,,hex,2,92,75,2,0,4,4,,undiluted
5_16_17,CX6381+,,hex,2,88,60,1,0,1,1,,undiluted
5_16_17,CX6381,,hex,2,133,19,12,4,0,4,,undiluted
5_16_17,CX6381+,,hex,2,102,11,7,2,0,1,,undiluted
5_16_17,CX6381,,hex,2,84,28,6,0,3,0,,undiluted
5_16_17,CX6381+,,hex,2,51,27,6,0,1,0,,undiluted
5_16_17,CX6239,,hex,3,122,41,10,12,3,7,,undiluted
5_16_17,CX6239+,,hex,3,71,20,5,6,1,1,,undiluted
5_16_17,CX6239,,hex,3,250,54,32,16,9,10,,undiluted
5_16_17,CX6239+,,hex,3,147,26,12,7,2,2,,undiluted
5_16_17,CX6239,,hex,3,95,35,16,8,6,2,,undiluted
5_16_17,CX6239+,,hex,3,71,17,7,1,3,1,,undiluted
5_16_17,N2,,hex-IAA,1,19,2,2,2,4,84,,undiluted
5_16_17,N2,,hex-IAA,1,44,9,4,8,29,286,,undiluted
5_16_17,N2,,hex-IAA,1,37,5,1,4,4,163,,undiluted
5_16_17,CX6381,,hex-IAA,2,44,9,6,3,12,92,,undiluted
5_16_17,CX6381+,,hex-IAA,2,21,7,0,3,12,82,,undiluted
5_16_17,CX6381,,hex-IAA,2,33,3,3,2,11,97,,undiluted
5_16_17,CX6381+,,hex-IAA,2,27,2,2,1,9,69,,undiluted
5_16_17,CX6381,,hex-IAA,2,44,12,7,7,14,54,,undiluted
5_16_17,CX6381+,,hex-IAA,2,19,12,7,6,14,47,,undiluted
5_16_17,CX6239,,hex-IAA,3,39,13,7,6,27,137,,undiluted
5_16_17,CX6239+,,hex-IAA,3,10,3,1,6,17,101,,undiluted
5_16_17,CX6239,,hex-IAA,3,48,12,12,6,8,92,,undiluted
5_16_17,CX6239+,,hex-IAA,3,5,3,3,0,6,81,,undiluted
5_16_17,AWC-,,hex-IAA,4,27,13,16,23,39,132,,undiluted
5_16_17,AWC-,,hex-IAA,4,4,6,11,12,23,93,,undiluted
5_16_17,AWC-,,hex-IAA,4,27,3,13,20,35,144,,undiluted
5_16_17,PY7513,,hex-IAA,5,2,7,12,39,103,279,,undiluted
5_16_17,PY7513+,,hex-IAA,5,2,4,2,15,27,168,,undiluted
5_16_17,PY7513,,hex-IAA,5,7,12,14,36,118,307,,undiluted
5_16_17,PY7513+,,hex-IAA,5,7,8,2,4,51,179,,undiluted
5_16_17,PY7513,,hex-IAA,5,6,8,16,36,138,224,,undiluted
5_16_17,PY7513+,,hex-IAA,5,2,3,4,9,51,111,,undiluted
5_16_17,PY7513,,hex-IAA,5,9,5,7,9,28,142,,undiluted
5_16_17,PY7513+,,hex-IAA,5,2,6,0,2,9,57,,undiluted
5_16_17,PY7513,,hex-IAA,5,11,18,22,24,20,277,,undiluted
5_16_17,PY7513+,,hex-IAA,5,11,13,7,5,17,144,,undiluted
7_24_17,N2,,hex,1,17,38,13,12,9,9,,undiluted
7_24_17,N2,,hex,1,39,62,15,24,8,9,,undiluted
7_24_17,ocr-2 (N2),,hex,2,4,9,7,14,25,18,,undiluted
7_24_17,ocr-2 (N2),,hex,2,3,6,10,15,23,29,,undiluted
7_24_17,osm-9,,hex,3,15,39,27,22,6,0,,undiluted
7_24_17,AWC::osm-9 Rescue,,hex,4,16,55,33,29,51,20,,undiluted
7_24_17,AWC::osm-9 Rescue +,,hex,4,6,16,16,19,40,10,,undiluted
7_24_17,AWC::osm-9 Rescue,,hex,4,44,58,25,25,33,17,,undiluted
7_24_17,AWC::osm-9 Rescue +,,hex,4,18,16,14,9,24,16,,undiluted
7_24_17,AWC::osm-9 Rescue,,hex,4,17,25,19,10,21,6,,undiluted
7_24_17,AWC::osm-9 Rescue +,,hex,4,6,22,10,8,17,6,,undiluted
7_24_17,tax-4(p678)::ocr-2,,hex,5,46,21,10,14,17,27,,undiluted
7_24_17,tax-4(p678)::ocr-2,,hex,5,10,45,14,20,27,40,,undiluted
7_24_17,ADL::osm-9 Rescue,,hex,6,1,3,2,4,14,2,line1,undiluted
7_24_17,ADL::osm-9 Rescue+,,hex,6,0,1,1,3,10,0,line1,undiluted
7_24_17,ADL::osm-9 Rescue,,hex,6,18,28,28,37,80,25,line2,undiluted
7_24_17,ADL::osm-9 Rescue+,,hex,6,4,12,22,27,72,18,line2,undiluted
7_24_17,N2,,hex-IAA,1,12,15,14,15,27,72,,undiluted
7_24_17,N2,,hex-IAA,1,21,13,10,6,24,104,,undiluted
7_24_17,ocr-2 (N2),,hex-IAA,1,2,1,5,7,25,44,,undiluted
7_24_17,ocr-2 (N2),,hex-IAA,1,1,3,8,10,24,74,,undiluted
7_24_17,osm-9,,hex-IAA,1,12,3,7,8,31,23,,undiluted
7_24_17,AWC::osm-9 Rescue,,hex-IAA,1,24,26,24,27,64,50,,undiluted
7_24_17,AWC::osm-9 Rescue +,,hex-IAA,1,16,32,6,11,59,28,,undiluted
7_24_17,AWC::osm-9 Rescue,,hex-IAA,1,12,13,12,14,33,25,,undiluted
7_24_17,AWC::osm-9 Rescue +,,hex-IAA,1,8,16,3,6,29,14,,undiluted
7_24_17,tax-4(p678)::ocr-2,,hex-IAA,1,12,8,4,7,17,57,,undiluted
7_24_17,tax-4(p678)::ocr-2,,hex-IAA,1,22,6,6,9,10,68,,undiluted
7_24_17,ADL::osm-9 Rescue,,hex-IAA,1,0,0,2,10,34,16,line2,undiluted
7_24_17,ADL::osm-9 Rescue+,,hex-IAA,1,0,0,1,5,33,8,line2,undiluted
7_26_17,N2,,hex,1,51,50,4,3,0,1,,undiluted
7_26_17,N2,,hex,1,41,32,7,9,2,0,,undiluted
7_26_17,osm-9,,hex,2,59,21,2,5,0,0,,undiluted
7_26_17,osm-9,,hex,2,49,36,7,2,2,0,,undiluted
7_26_17,AWC::osm-9 Rescue,,hex,3,25,57,9,7,41,10,,undiluted
7_26_17,AWC::osm-9 Rescue +,,hex,3,10,19,7,6,32,10,,undiluted
7_26_17,AWC::osm-9 Rescue,,hex,3,37,31,21,16,17,24,,undiluted
7_26_17,AWC::osm-9 Rescue +,,hex,3,19,24,17,10,14,19,,undiluted
7_26_17,N2,,hex-IAA,1,0,7,2,0,31,61,,undiluted
7_26_17,N2,,hex-IAA,1,2,4,6,7,41,32,,undiluted
7_26_17,osm-9,,hex-IAA,2,31,33,6,11,38,40,,undiluted
7_26_17,osm-9,,hex-IAA,2,27,21,7,11,35,41,,undiluted
7_26_17,AWC::osm-9 Rescue,,hex-IAA,3,19,17,240,17,32,41,,undiluted
7_26_17,AWC::osm-9 Rescue +,,hex-IAA,3,10,4,14,9,16,31,,undiluted
7_26_17,AWC::osm-9 Rescue,,hex-IAA,3,16,27,19,30,47,52,,undiluted
7_26_17,AWC::osm-9 Rescue +,,hex-IAA,3,12,12,14,21,26,37,,undiluted
7_29_17,N2,,hex,1,108,41,16,4,2,3,,undiluted
7_29_17,N2,,hex,1,41,51,4,5,0,3,,undiluted
7_29_17,ocr-2 (N2),,hex,2,2,1,12,19,29,12,,undiluted
7_29_17,osm-9,,hex,3,45,41,5,7,14,9,,undiluted
7_29_17,osm-9,,hex,3,50,48,10,3,2,2,,undiluted
7_29_17,AWC::osm-9 Rescue,,hex,4,98,49,19,9,16,3,,undiluted
7_29_17,AWC::osm-9 Rescue +,,hex,4,52,21,7,9,4,3,,undiluted
7_29_17,AWC::osm-9 Rescue,,hex,4,54,76,38,3,14,2,,undiluted
7_29_17,AWC::osm-9 Rescue +,,hex,4,27,38,19,22,10,2,,undiluted
7_29_17,ADL::osm-9 Rescue,,hex,5,22,71,47,27,30,2,,undiluted
7_29_17,ADL::osm-9 Rescue+,,hex,5,13,42,29,17,12,2,,undiluted
7_29_17,ADL::osm-9 Rescue,,hex,5,53,54,20,11,34,9,,undiluted
7_29_17,ADL::osm-9 Rescue+,,hex,5,29,36,11,7,17,4,,undiluted
7_29_17,CX6239,,hex,6,112,31,59,24,14,3,,undiluted
7_29_17,CX6239+,,hex,6,52,19,24,19,10,3,,undiluted
7_29_17,CX6239,,hex,6,114,66,36,11,5,1,,undiluted
7_29_17,CX6239+,,hex,6,56,33,21,7,5,1,,undiluted
7_29_17,CX6381,,hex,7,64,60,40,22,44,9,,undiluted
7_29_17,CX6381+,,hex,7,31,18,22,22,19,9,,undiluted
7_29_17,CX6381,,hex,7,56,44,30,40,54,6,,undiluted
7_29_17,CX6381+,,hex,7,29,27,19,20,21,3,,undiluted
7_29_17,N2,,hex-IAA,1,8,6,5,12,26,36,,undiluted
7_29_17,N2,,hex-IAA,1,9,6,11,6,12,40,,undiluted
7_29_17,ocr-2 (N2),,hex-IAA,2,4,6,6,13,29,44,,undiluted
7_29_17,osm-9,,hex-IAA,3,39,46,11,0,8,14,,undiluted
7_29_17,osm-9,,hex-IAA,3,31,42,8,2,7,26,,undiluted
7_29_17,AWC::osm-9 Rescue,,hex-IAA,4,34,54,14,3,14,40,,undiluted
7_29_17,AWC::osm-9 Rescue +,,hex-IAA,4,17,29,11,2,7,24,,undiluted
7_29_17,AWC::osm-9 Rescue,,hex-IAA,4,18,16,6,4,29,46,,undiluted
7_29_17,AWC::osm-9 Rescue +,,hex-IAA,4,9,8,4,2,19,29,,undiluted
7_29_17,ADL::osm-9 Rescue,,hex-IAA,5,4,31,34,27,42,41,,undiluted
7_29_17,ADL::osm-9 Rescue+,,hex-IAA,5,4,17,24,23,29,21,,undiluted
7_29_17,ADL::osm-9 Rescue,,hex-IAA,5,13,33,16,6,32,32,,undiluted
7_29_17,ADL::osm-9 Rescue+,,hex-IAA,5,9,19,16,6,17,14,,undiluted
7_29_17,CX6239,,hex-IAA,6,24,33,21,13,36,71,,undiluted
7_29_17,CX6239+,,hex-IAA,6,19,14,9,10,28,41,,undiluted
7_29_17,CX6239,,hex-IAA,6,10,34,17,32,37,56,,undiluted
7_29_17,CX6239+,,hex-IAA,6,5,13,13,16,21,29,,undiluted
7_29_17,CX6381,,hex-IAA,7,22,12,17,22,34,47,,undiluted
7_29_17,CX6381+,,hex-IAA,7,10,7,17,9,22,29,,undiluted
7_29_17,CX6381,,hex-IAA,7,34,33,14,7,23,64,,undiluted
7_29_17,CX6381+,,hex-IAA,7,11,19,11,4,10,34,,undiluted
8_3_17,N2,,hex,1,46,15,6,11,4,6,,undiluted
8_3_17,N2,,hex,1,64,42,10,4,11,4,,undiluted
8_3_17,osm-9,,hex,2,49,27,14,7,4,0,,undiluted
8_3_17,osm-9,,hex,2,34,36,4,6,6,0,,undiluted
8_3_17,AWC::osm-9 Rescue,,hex,3,57,67,28,37,39,29,,undiluted
8_3_17,AWC::osm-9 Rescue +,,hex,3,29,32,11,19,21,17,,undiluted
8_3_17,AWC::osm-9 Rescue,,hex,3,35,80,18,17,16,28,,undiluted
8_3_17,AWC::osm-9 Rescue +,,hex,3,19,37,7,7,8,19,,undiluted
8_3_17,ADL::osm-9 Rescue,,hex,4,40,69,17,17,40,38,,undiluted
8_3_17,ADL::osm-9 Rescue+,,hex,4,20,34,9,19,17,19,,undiluted
8_3_17,ADL::osm-9 Rescue,,hex,4,41,20,17,7,19,20,,undiluted
8_3_17,ADL::osm-9 Rescue+,,hex,4,20,8,11,4,8,9,,undiluted
8_3_17,N2,,hex-IAA,1,7,18,4,7,21,49,,undiluted
8_3_17,N2,,hex-IAA,1,8,3,2,6,41,32,,undiluted
8_3_17,osm-9,,hex-IAA,2,38,24,12,9,6,1,,undiluted
8_3_17,osm-9,,hex-IAA,2,39,28,10,4,11,6,,undiluted
8_3_17,AWC::osm-9 Rescue,,hex-IAA,3,28,49,14,7,24,19,,undiluted
8_3_17,AWC::osm-9 Rescue +,,hex-IAA,3,17,24,9,3,11,11,,undiluted
8_3_17,AWC::osm-9 Rescue,,hex-IAA,3,21,34,11,10,32,49,,undiluted
8_3_17,AWC::osm-9 Rescue +,,hex-IAA,3,10,16,3,4,17,29,,undiluted
8_3_17,ADL::osm-9 Rescue,,hex-IAA,4,14,19,11,7,31,49,,undiluted
8_3_17,ADL::osm-9 Rescue+,,hex-IAA,4,8,10,6,4,22,24,,undiluted
8_3_17,ADL::osm-9 Rescue,,hex-IAA,4,42,34,6,12,58,41,,undiluted
8_3_17,ADL::osm-9 Rescue+,,hex-IAA,4,19,11,3,6,29,29,,undiluted
8_14_17,N2,,hex,1,141,43,4,8,2,13,,undiluted
8_14_17,N2,,hex,1,107,29,3,2,3,11,,undiluted
8_14_17,osm-9,,hex,2,122,67,12,4,8,26,,undiluted
8_14_17,osm-9,,hex,2,119,39,15,0,4,0,,undiluted
8_14_17,AWC::osm-9 Rescue,,hex,3,154,37,6,8,21,1,,undiluted
8_14_17,AWC::osm-9 Rescue +,,hex,3,70,19,0,4,6,0,,undiluted
8_14_17,AWC::osm-9 Rescue,,hex,3,172,64,2,1,4,0,,undiluted
8_14_17,AWC::osm-9 Rescue +,,hex,3,74,34,0,1,2,0,,undiluted
8_14_17,ADL::osm-9 Rescue,,hex,4,149,40,8,7,19,4,,undiluted
8_14_17,ADL::osm-9 Rescue+,,hex,4,71,20,6,2,3,0,,undiluted
8_14_17,ADL::osm-9 Rescue,,hex,4,68,78,12,14,0,0,,undiluted
8_14_17,ADL::osm-9 Rescue+,,hex,4,31,31,4,6,0,0,,undiluted
8_14_17,ASH::osm-9 Rescue,,hex,5,137,109,7,4,5,1,,undiluted
8_14_17,ASH::osm-9 Rescue+,,hex,5,59,37,4,0,2,0,,undiluted
8_14_17,ASH::osm-9 Rescue,,hex,5,74,58,3,3,8,2,,undiluted
8_14_17,ASH::osm-9 Rescue+,,hex,5,32,27,3,3,3,0,,undiluted
8_14_17,N2,,hex-IAA,1,8,0,3,7,41,77,,undiluted
8_14_17,N2,,hex-IAA,1,3,0,1,1,25,124,,undiluted
8_14_17,osm-9,,hex-IAA,2,51,27,12,0,13,14,,undiluted
8_14_17,osm-9,,hex-IAA,2,34,21,6,2,7,2,,undiluted
8_14_17,AWC::osm-9 Rescue,,hex-IAA,3,92,37,12,8,15,19,,undiluted
8_14_17,AWC::osm-9 Rescue +,,hex-IAA,3,41,12,6,4,6,5,,undiluted
8_14_17,AWC::osm-9 Rescue,,hex-IAA,3,108,24,16,12,17,18,,undiluted
8_14_17,AWC::osm-9 Rescue +,,hex-IAA,3,68,14,4,6,8,4,,undiluted
8_14_17,ADL::osm-9 Rescue,,hex-IAA,4,24,5,5,0,52,68,,undiluted
8_14_17,ADL::osm-9 Rescue+,,hex-IAA,4,12,2,4,0,27,24,,undiluted
8_14_17,ADL::osm-9 Rescue,,hex-IAA,4,89,30,13,9,40,70,,undiluted
8_14_17,ADL::osm-9 Rescue+,,hex-IAA,4,41,6,6,6,19,30,,undiluted
8_14_17,ASH::osm-9 Rescue,,hex-IAA,5,26,23,3,1,18,51,,undiluted
8_14_17,ASH::osm-9 Rescue+,,hex-IAA,5,12,12,3,1,9,29,,undiluted
8_14_17,ASH::osm-9 Rescue,,hex-IAA,5,34,53,9,6,29,20,,undiluted
8_14_17,ASH::osm-9 Rescue+,,hex-IAA,5,12,29,4,3,18,11,,undiluted
8_15_17,N2,,hex,1,29,17,8,6,9,23,,undiluted
8_15_17,N2,,hex,1,45,10,12,8,9,9,,undiluted
8_15_17,osm-9,,hex,2,41,13,6,7,0,1,,undiluted
8_15_17,osm-9,,hex,2,34,12,11,4,1,4,,undiluted
8_15_17,AWC::osm-9 Rescue,,hex,3,9,11,11,3,5,8,,undiluted
8_15_17,AWC::osm-9 Rescue +,,hex,3,9,6,2,2,4,8,,undiluted
8_15_17,ADL::osm-9 Rescue,,hex,4,7,6,6,8,23,13,,undiluted
8_15_17,ADL::osm-9 Rescue+,,hex,4,5,0,3,4,16,7,,undiluted
8_15_17,ASH::osm-9 Rescue,,hex,5,14,10,4,3,5,4,,undiluted
8_15_17,ASH::osm-9 Rescue+,,hex,5,5,3,1,1,0,1,,undiluted
8_15_17,N2,,hex-IAA,1,3,9,6,6,7,126,,undiluted
8_15_17,N2,,hex-IAA,1,1,2,4,5,9,87,,undiluted
8_15_17,osm-9,,hex-IAA,2,3,5,2,0,0,4,,undiluted
8_15_17,osm-9,,hex-IAA,2,26,23,10,7,13,24,,undiluted
8_15_17,AWC::osm-9 Rescue,,hex-IAA,3,4,12,2,1,3,4,,undiluted
8_15_17,AWC::osm-9 Rescue +,,hex-IAA,3,4,4,1,1,0,1,,undiluted
8_15_17,ADL::osm-9 Rescue,,hex-IAA,4,14,14,6,5,10,30,,undiluted
8_15_17,ADL::osm-9 Rescue+,,hex-IAA,4,4,3,3,2,7,17,,undiluted
8_15_17,ASH::osm-9 Rescue,,hex-IAA,5,6,4,6,6,23,22,,undiluted
8_15_17,ASH::osm-9 Rescue+,,hex-IAA,5,2,1,2,1,7,7,,undiluted
8_16_17,N2,,hex,1,50,15,10,9,9,10,,undiluted
8_16_17,N2,,hex,1,49,21,13,5,3,12,,undiluted
8_16_17,osm-9,,hex,2,37,22,7,5,6,1,,undiluted
8_16_17,osm-9,,hex,2,50,19,9,4,4,1,,undiluted
8_16_17,AWC::osm-9 Rescue,,hex,3,12,49,10,9,14,4,,undiluted
8_16_17,AWC::osm-9 Rescue +,,hex,3,5,25,7,5,7,2,,undiluted
8_16_17,ADL::osm-9 Rescue,,hex,4,9,33,13,6,8,3,,undiluted
8_16_17,ADL::osm-9 Rescue+,,hex,4,4,22,3,4,7,2,,undiluted
8_16_17,N2,,hex-IAA,1,8,3,3,6,29,99,,undiluted
8_16_17,N2,,hex-IAA,1,0,0,1,4,21,54,,undiluted
8_16_17,osm-9,,hex-IAA,2,14,16,2,2,0,2,,undiluted
8_16_17,osm-9,,hex-IAA,2,2,14,0,2,1,2,,undiluted
8_16_17,AWC::osm-9 Rescue,,hex-IAA,3,7,4,2,6,4,13,,undiluted
8_16_17,AWC::osm-9 Rescue +,,hex-IAA,3,2,4,1,4,4,5,,undiluted
8_16_17,ADL::osm-9 Rescue,,hex-IAA,4,7,9,9,9,31,43,,undiluted
8_16_17,ADL::osm-9 Rescue+,,hex-IAA,4,2,5,5,4,16,17,,undiluted
8_21_17,N2,,hex,1,62,17,11,1,7,8,,undiluted
8_21_17,N2,,hex,1,105,80,18,5,16,36,,undiluted
8_21_17,N2,,hex,1,47,42,9,8,12,8,,undiluted
8_21_17,osm-9,,hex,2,61,48,7,2,8,3,,undiluted
8_21_17,osm-9,,hex,2,73,43,7,3,4,1,,undiluted
8_21_17,AWC::osm-9 Rescue,,hex,3,68,97,29,9,9,4,,undiluted
8_21_17,AWC::osm-9 Rescue +,,hex,3,48,48,13,4,4,2,,undiluted
8_21_17,AWC::osm-9 Rescue,,hex,3,163,152,22,11,10,10,,undiluted
8_21_17,AWC::osm-9 Rescue +,,hex,3,75,89,17,6,7,10,,undiluted
8_21_17,ADL::osm-9 Rescue,,hex,4,16,105,48,31,11,6,,undiluted
8_21_17,ADL::osm-9 Rescue+,,hex,4,6,52,31,12,8,3,,undiluted
8_21_17,ADL::osm-9 Rescue,,hex,4,26,77,22,4,4,9,,undiluted
8_21_17,ADL::osm-9 Rescue+,,hex,4,11,55,13,2,2,7,,undiluted
8_21_17,ASH::osm-9 Rescue,,hex,5,150,80,20,8,11,3,,undiluted
8_21_17,ASH::osm-9 Rescue+,,hex,5,80,41,7,6,7,2,,undiluted
8_21_17,ASH::osm-9 Rescue,,hex,5,171,91,24,11,12,6,,undiluted
8_21_17,ASH::osm-9 Rescue+,,hex,5,99,49,19,4,10,5,,undiluted
8_21_17,N2,,hex-IAA,1,13,3,4,17,25,250,,undiluted
8_21_17,N2,,hex-IAA,1,7,3,3,2,22,62,,undiluted
8_21_17,osm-9,,hex-IAA,2,57,66,5,2,4,5,,undiluted
8_21_17,osm-9,,hex-IAA,2,79,54,16,5,6,5,,undiluted
8_21_17,AWC::osm-9 Rescue,,hex-IAA,3,212,94,16,21,51,72,,undiluted
8_21_17,AWC::osm-9 Rescue +,,hex-IAA,3,99,41,14,19,34,37,,undiluted
8_21_17,AWC::osm-9 Rescue,,hex-IAA,3,87,45,118,9,34,41,,undiluted
8_21_17,AWC::osm-9 Rescue +,,hex-IAA,3,30,18,7,5,21,18,,undiluted
8_21_17,ADL::osm-9 Rescue,,hex-IAA,4,5,21,13,5,34,83,,undiluted
8_21_17,ADL::osm-9 Rescue+,,hex-IAA,4,2,8,7,5,18,54,,undiluted
8_21_17,ADL::osm-9 Rescue,,hex-IAA,4,43,69,23,12,66,156,,undiluted
8_21_17,ADL::osm-9 Rescue+,,hex-IAA,4,21,36,15,8,33,100,,undiluted
8_21_17,ASH::osm-9 Rescue,,hex-IAA,5,37,40,11,16,41,56,,undiluted
8_21_17,ASH::osm-9 Rescue+,,hex-IAA,5,23,17,3,7,30,36,,undiluted
8_21_17,ASH::osm-9 Rescue,,hex-IAA,5,109,54,20,11,24,57,,undiluted
8_21_17,ASH::osm-9 Rescue+,,hex-IAA,5,75,29,20,10,12,27,,undiluted
8_22_17,N2,,hex,1,131,63,12,4,0,6,,undiluted
8_22_17,N2,,hex,1,120,78,14,12,10,11,,undiluted
8_22_17,osm-9,,hex,2,54,91,6,2,1,1,,undiluted
8_22_17,osm-9,,hex,2,109,102,17,4,3,1,,undiluted
8_22_17,AWC::osm-9 Rescue,,hex,3,197,93,8,6,1,3,,undiluted
8_22_17,AWC::osm-9 Rescue +,,hex,3,82,41,3,2,0,0,,undiluted
8_22_17,AWC::osm-9 Rescue,,hex,3,65,118,11,9,12,3,,undiluted
8_22_17,AWC::osm-9 Rescue +,,hex,3,38,52,6,4,4,1,,undiluted
8_22_17,ADL::osm-9 Rescue,,hex,4,103,62,21,10,3,2,,undiluted
8_22_17,ADL::osm-9 Rescue+,,hex,4,49,31,7,5,1,1,,undiluted
8_22_17,ADL::osm-9 Rescue,,hex,4,69,43,17,14,16,9,,undiluted
8_22_17,ADL::osm-9 Rescue+,,hex,4,39,21,9,7,4,3,,undiluted
8_22_17,ASH::osm-9 Rescue,,hex,5,122,107,15,5,1,4,,undiluted
8_22_17,ASH::osm-9 Rescue+,,hex,5,55,40,7,1,0,4,,undiluted
8_22_17,ASH::osm-9 Rescue,,hex,5,147,128,9,4,3,5,,undiluted
8_22_17,ASH::osm-9 Rescue+,,hex,5,85,61,9,1,1,4,,undiluted
8_22_17,N2,,hex-IAA,1,29,2,2,6,22,107,,undiluted
8_22_17,N2,,hex-IAA,1,22,2,7,11,29,112,,undiluted
8_22_17,osm-9,,hex-IAA,2,86,87,8,3,2,8,,undiluted
8_22_17,osm-9,,hex-IAA,2,46,44,4,0,2,9,,undiluted
8_22_17,AWC::osm-9 Rescue,,hex-IAA,3,138,77,9,11,23,36,,undiluted
8_22_17,AWC::osm-9 Rescue +,,hex-IAA,3,61,31,4,7,11,16,,undiluted
8_22_17,AWC::osm-9 Rescue,,hex-IAA,3,64,69,4,5,14,22,,undiluted
8_22_17,AWC::osm-9 Rescue +,,hex-IAA,3,31,34,4,3,11,10,,undiluted
8_22_17,ADL::osm-9 Rescue,,hex-IAA,4,29,23,15,11,42,91,,undiluted
8_22_17,ADL::osm-9 Rescue+,,hex-IAA,4,8,11,7,9,25,42,,undiluted
8_22_17,ADL::osm-9 Rescue,,hex-IAA,4,31,22,18,18,92,87,,undiluted
8_22_17,ADL::osm-9 Rescue+,,hex-IAA,4,13,10,11,14,47,42,,undiluted
8_22_17,ASH::osm-9 Rescue,,hex-IAA,5,88,93,9,2,17,56,,undiluted
8_22_17,ASH::osm-9 Rescue+,,hex-IAA,5,58,59,4,2,13,42,,undiluted
8_22_17,ASH::osm-9 Rescue,,hex-IAA,5,86,68,6,8,15,44,,undiluted
8_22_17,ASH::osm-9 Rescue+,,hex-IAA,5,39,53,3,4,10,30,,undiluted
8_25_17,N2,,hex,1,38,37,3,1,1,0,,undiluted
8_25_17,N2,,hex,1,82,12,3,3,0,0,,undiluted
8_25_17,osm-9,,hex,2,51,32,4,0,0,0,,undiluted
8_25_17,osm-9,,hex,2,62,35,6,0,0,0,,undiluted
8_25_17,AWC::osm-9 Rescue,,hex,3,124,69,11,3,5,0,,undiluted
8_25_17,AWC::osm-9 Rescue +,,hex,3,64,31,7,1,1,0,,undiluted
8_25_17,AWC::osm-9 Rescue,,hex,3,114,117,13,2,0,0,,undiluted
8_25_17,AWC::osm-9 Rescue +,,hex,3,62,75,6,1,0,0,,undiluted
8_25_17,ADL::osm-9 Rescue,,hex,4,81,62,24,2,7,7,,undiluted
8_25_17,ADL::osm-9 Rescue+,,hex,4,41,29,11,1,4,2,,undiluted
8_25_17,ADL::osm-9 Rescue,,hex,4,147,66,19,4,6,3,,undiluted
8_25_17,ADL::osm-9 Rescue+,,hex,4,66,27,7,2,2,1,,undiluted
8_25_17,ASH::osm-9 Rescue,,hex,5,128,88,22,5,5,1,,undiluted
8_25_17,ASH::osm-9 Rescue+,,hex,5,71,40,17,2,2,0,,undiluted
8_25_17,ASH::osm-9 Rescue,,hex,5,101,146,19,0,4,1,,undiluted
8_25_17,ASH::osm-9 Rescue+,,hex,5,54,72,8,0,2,0,,undiluted
8_25_17,N2,,hex-IAA,1,19,0,3,8,52,132,,undiluted
8_25_17,N2,,hex-IAA,1,19,10,2,4,11,84,,undiluted
8_25_17,osm-9,,hex-IAA,2,69,31,9,2,0,3,,undiluted
8_25_17,AWC::osm-9 Rescue,,hex-IAA,3,89,43,13,7,19,36,,undiluted
8_25_17,AWC::osm-9 Rescue +,,hex-IAA,3,52,23,11,4,10,18,,undiluted
8_25_17,AWC::osm-9 Rescue,,hex-IAA,3,82,67,15,8,14,27,,undiluted
8_25_17,AWC::osm-9 Rescue +,,hex-IAA,3,47,39,7,2,5,6,,undiluted
8_25_17,ADL::osm-9 Rescue,,hex-IAA,4,11,15,7,9,69,83,,undiluted
8_25_17,ADL::osm-9 Rescue+,,hex-IAA,4,1,5,2,4,31,47,,undiluted
8_25_17,ADL::osm-9 Rescue,,hex-IAA,4,23,33,18,12,54,56,,undiluted
8_25_17,ADL::osm-9 Rescue+,,hex-IAA,4,2,9,6,6,34,29,,undiluted
8_25_17,ASH::osm-9 Rescue,,hex-IAA,5,123,51,16,6,8,23,,undiluted
8_25_17,ASH::osm-9 Rescue+,,hex-IAA,5,64,27,4,1,3,15,,undiluted
8_25_17,ASH::osm-9 Rescue,,hex-IAA,5,76,90,11,0,5,18,,undiluted
8_25_17,ASH::osm-9 Rescue+,,hex-IAA,5,40,43,5,0,4,8,,undiluted
1_30_18,glr-1,,hex,,190,30,1,1,0,4,,undiluted
1_30_18,glr-1,,hex,,197,12,5,0,0,6,,undiluted
1_30_18,glc-3,,hex,,199,37,1,0,1,2,,undiluted
1_30_18,glc-3,,hex,,278,58,7,4,8,8,,undiluted
1_30_18,ocr-2,,hex,,3,12,7,35,64,104,,undiluted
1_30_18,ocr-2,,hex,,8,7,17,33,94,108,,undiluted
1_30_18,osm-9,,hex,,57,42,4,1,0,2,,undiluted
1_30_18,osm-9,,hex,,90,67,4,2,0,0,,undiluted
1_30_18,ADL::osm-9 Rescue,,hex,,135,97,31,4,9,4,,undiluted
1_30_18,ADL::osm-9 Rescue+,,hex,,57,42,9,1,4,0,,undiluted
1_30_18,ADL::osm-9 Rescue,,hex,,94,101,15,14,7,9,,undiluted
1_30_18,ADL::osm-9 Rescue+,,hex,,41,38,6,4,5,4,,undiluted
1_30_18,N2,,hex-IAA,,49,2,0,0,6,289,,undiluted
1_30_18,N2,,hex-IAA,,39,4,1,0,17,262,,undiluted
1_30_18,glr-1,,hex-IAA,,35,4,2,5,96,204,,undiluted
1_30_18,glr-1,,hex-IAA,,38,11,3,3,22,312,,undiluted
1_30_18,glc-3,,hex-IAA,,17,28,4,1,5,194,,undiluted
1_30_18,glc-3,,hex-IAA,,36,10,3,9,19,168,,undiluted
1_30_18,ocr-2,,hex-IAA,,1,2,2,8,42,178,,undiluted
1_30_18,ocr-2,,hex-IAA,,2,1,6,15,85,232,,undiluted
1_30_18,osm-9,,hex-IAA,,56,36,9,8,28,18,,undiluted
1_30_18,osm-9,,hex-IAA,,22,9,2,2,33,19,,undiluted
1_30_18,ADL::osm-9 Rescue,,hex-IAA,,21,19,8,14,47,52,,undiluted
1_30_18,ADL::osm-9 Rescue+,,hex-IAA,,3,8,2,7,24,33,,undiluted
1_30_18,ADL::osm-9 Rescue,,hex-IAA,,40,32,14,13,74,109,,undiluted
1_30_18,ADL::osm-9 Rescue+,,hex-IAA,,8,5,1,6,36,57,,undiluted
2_2_18,N2,,hex,,224,54,16,5,4,9,,undiluted
2_2_18,N2,,hex,,116,46,10,2,2,4,,undiluted
2_2_18,glr-1,,hex,,214,62,3,2,1,7,,undiluted
2_2_18,glr-1,,hex,,237,67,5,3,0,16,,undiluted
2_2_18,glc-3,,hex,,206,86,10,6,0,83,,undiluted
2_2_18,glc-3,,hex,,148,89,7,2,0,9,,undiluted
2_2_18,ocr-2,,hex,,5,4,6,16,67,88,,undiluted
2_2_18,ocr-2,,hex,,1,0,12,13,54,82,,undiluted
2_2_18,osm-9,,hex,,82,37,11,0,2,1,,undiluted
2_2_18,osm-9,,hex,,130,77,7,1,0,12,,undiluted
2_2_18,ADL::osm-9 Rescue,,hex,,134,61,9,8,24,10,,undiluted
2_2_18,ADL::osm-9 Rescue+,,hex,,64,30,9,3,1,0,,undiluted
2_2_18,ADL::osm-9 Rescue,,hex,,119,42,11,11,4,3,,undiluted
2_2_18,ADL::osm-9 Rescue+,,hex,,40,24,5,5,2,1,,undiluted
2_2_18,N2,,hex-IAA,,20,1,8,7,14,208,,undiluted
2_2_18,N2,,hex-IAA,,42,4,3,4,47,233,,undiluted
2_2_18,glr-1,,hex-IAA,,32,7,8,5,29,242,,undiluted
2_2_18,glr-1,,hex-IAA,,32,6,3,12,34,244,,undiluted
2_2_18,glc-3,,hex-IAA,,36,27,5,4,17,206,,undiluted
2_2_18,glc-3,,hex-IAA,,41,8,6,6,37,123,,undiluted
2_2_18,ocr-2,,hex-IAA,,2,1,10,15,88,67,,undiluted
2_2_18,ocr-2,,hex-IAA,,1,0,11,10,62,70,,undiluted
2_2_18,osm-9,,hex-IAA,,47,41,6,2,2,12,,undiluted
2_2_18,osm-9,,hex-IAA,,48,36,6,0,12,12,,undiluted
2_2_18,ADL::osm-9 Rescue,,hex-IAA,,0,1,1,2,28,141,,undiluted
2_2_18,ADL::osm-9 Rescue+,,hex-IAA,,0,1,1,1,12,68,,undiluted
2_2_18,ADL::osm-9 Rescue,,hex-IAA,,1,14,1,8,46,118,,undiluted
2_2_18,ADL::osm-9 Rescue+,,hex-IAA,,1,3,1,4,24,41,,undiluted
2_6_18,N2,,hex,,334,61,16,12,5,31,,undiluted
2_6_18,N2,,hex,,223,36,9,4,1,6,,undiluted
2_6_18,glr-1,,hex,,252,47,11,8,3,36,,undiluted
2_6_18,glr-1,,hex,,207,17,4,0,1,12,,undiluted
2_6_18,glc-3,,hex,,292,39,15,2,3,28,,undiluted
2_6_18,glc-3,,hex,,200,49,3,2,6,12,,undiluted
2_6_18,ocr-2,,hex,,5,14,8,18,95,222,,undiluted
2_6_18,ocr-2,,hex,,2,0,3,5,39,48,,undiluted
2_6_18,osm-9,,hex,,217,58,11,6,1,3,,undiluted
2_6_18,osm-9,,hex,,172,26,4,0,0,2,,undiluted
2_6_18,ADL::osm-9 Rescue,,hex,,41,20,22,32,38,27,,undiluted
2_6_18,ADL::osm-9 Rescue+,,hex,,22,7,11,12,19,23,,undiluted
2_6_18,ADL::osm-9 Rescue,,hex,,52,19,31,13,29,10,,undiluted
2_6_18,ADL::osm-9 Rescue+,,hex,,31,9,14,7,19,9,,undiluted
2_6_18,N2,,hex-IAA,,29,2,1,0,1,199,,undiluted
2_6_18,N2,,hex-IAA,,35,15,4,0,8,237,,undiluted
2_6_18,glr-1,,hex-IAA,,8,3,2,1,8,233,,undiluted
2_6_18,glr-1,,hex-IAA,,4,2,0,4,4,242,,undiluted
2_6_18,glc-3,,hex-IAA,,81,19,12,23,26,341,,undiluted
2_6_18,glc-3,,hex-IAA,,54,4,6,3,16,267,,undiluted
2_6_18,ocr-2,,hex-IAA,,1,0,5,14,52,208,,undiluted
2_6_18,ocr-2,,hex-IAA,,1,1,2,10,49,132,,undiluted
2_6_18,osm-9,,hex-IAA,,62,19,12,4,19,47,,undiluted
2_6_18,osm-9,,hex-IAA,,121,88,19,9,4,132,,undiluted
2_6_18,ADL::osm-9 Rescue,,hex-IAA,,41,28,1,2,32,143,,undiluted
2_6_18,ADL::osm-9 Rescue+,,hex-IAA,,14,11,1,1,14,68,,undiluted
2_6_18,ADL::osm-9 Rescue,,hex-IAA,,19,4,5,6,48,134,,undiluted
2_6_18,ADL::osm-9 Rescue+,,hex-IAA,,8,2,1,3,21,64,,undiluted